GROUP,PACKAGE,CLASS,INSTRUCTION_MISSED,INSTRUCTION_COVERED,BRANCH_MISSED,BRANCH_COVERED,LINE_MISSED,LINE_COVERED,COMPLEXITY_MISSED,COMPLEXITY_COVERED,METHOD_MISSED,METHOD_COVERED
sentrius-dataplane,io.sentrius.sso.config.audting,AuditingConfigProvider.AuditingConfigProviderFactory,38,0,6,0,12,0,6,0,3,0
sentrius-dataplane,io.sentrius.sso.config.audting,DefaultAuditConfigProvider,8,0,0,0,3,0,3,0,3,0
sentrius-dataplane,io.sentrius.sso.config.security,KeycloakUserSyncFilter,41,0,2,0,13,0,4,0,3,0
sentrius-dataplane,io.sentrius.sso.core.model.metadata,TerminalRiskIndicator,61,0,0,0,12,0,13,0,13,0
sentrius-dataplane,io.sentrius.sso.core.model.metadata,UserExperienceMetrics,68,0,0,0,13,0,15,0,15,0
sentrius-dataplane,io.sentrius.sso.core.model.metadata,TerminalCommand,61,0,0,0,11,0,15,0,15,0
sentrius-dataplane,io.sentrius.sso.core.model.metadata,TerminalSessionMetadata.TerminalSessionMetadataBuilder,105,0,2,0,1,0,13,0,12,0
sentrius-dataplane,io.sentrius.sso.core.model.metadata,TerminalSessionMetadata,112,0,0,0,14,0,22,0,22,0
sentrius-dataplane,io.sentrius.sso.core.model.metadata,AnalyticsTracking,37,0,0,0,7,0,9,0,9,0
sentrius-dataplane,io.sentrius.sso.core.model.metadata,TerminalBehaviorMetrics,64,0,0,0,12,0,15,0,15,0
sentrius-dataplane,io.sentrius.sso.core.services.terminal,SessionTrackingService,630,0,60,0,135,0,54,0,22,0
sentrius-dataplane,io.sentrius.sso.core.model,WorkHours,71,0,0,0,9,0,13,0,13,0
sentrius-dataplane,io.sentrius.sso.core.model,ProxySession.ProxySessionBuilder,29,0,0,0,1,0,5,0,5,0
sentrius-dataplane,io.sentrius.sso.core.model,ProxyHost.ProxyHostBuilder,55,0,0,0,1,0,8,0,8,0
sentrius-dataplane,io.sentrius.sso.core.model,ConfigurationOption,171,0,30,0,7,0,28,0,13,0
sentrius-dataplane,io.sentrius.sso.core.model,ConfigurationOption.ConfigurationOptionBuilder,36,0,0,0,1,0,6,0,6,0
sentrius-dataplane,io.sentrius.sso.core.model,ApplicationKey.ApplicationKeyBuilder,64,0,2,0,1,0,9,0,8,0
sentrius-dataplane,io.sentrius.sso.core.model,ConnectedSystem,300,0,0,0,34,0,45,0,45,0
sentrius-dataplane,io.sentrius.sso.core.model,NotificationRecipient,6,0,0,0,2,0,1,0,1,0
sentrius-dataplane,io.sentrius.sso.core.model,Notification.NotificationBuilder,75,0,0,0,1,0,10,0,10,0
sentrius-dataplane,io.sentrius.sso.core.model,ApplicationKey,65,0,0,0,9,0,14,0,14,0
sentrius-dataplane,io.sentrius.sso.core.model,DataTableResponse,233,0,34,0,7,0,32,0,15,0
sentrius-dataplane,io.sentrius.sso.core.model,HostSystem.HostSystemBuilder,247,0,0,0,1,0,20,0,20,0
sentrius-dataplane,io.sentrius.sso.core.model,ConnectedSystem.ConnectedSystemBuilder,206,0,8,0,1,0,23,0,19,0
sentrius-dataplane,io.sentrius.sso.core.model,ProxySession,119,0,22,0,5,0,20,0,9,0
sentrius-dataplane,io.sentrius.sso.core.model,ErrorOutput.ErrorOutputBuilder,73,0,0,0,1,0,10,0,10,0
sentrius-dataplane,io.sentrius.sso.core.model,Notification,369,0,64,0,17,0,54,0,22,0
sentrius-dataplane,io.sentrius.sso.core.model,HostSystem.HostSystemBuilderImpl,7,0,0,0,1,0,2,0,2,0
sentrius-dataplane,io.sentrius.sso.core.model,AuditWrapper,23,0,0,0,10,0,5,0,5,0
sentrius-dataplane,io.sentrius.sso.core.model,ContentResponse,55,0,0,0,8,0,11,0,11,0
sentrius-dataplane,io.sentrius.sso.core.model,ErrorOutput,344,0,62,0,11,0,52,0,21,0
sentrius-dataplane,io.sentrius.sso.core.model,NotificationRecipientId,79,0,10,0,11,0,14,0,9,0
sentrius-dataplane,io.sentrius.sso.core.model,ProxyHost,60,0,0,0,9,0,13,0,13,0
sentrius-dataplane,io.sentrius.sso.core.model,ServletResponseType,27,0,0,0,5,0,1,0,1,0
sentrius-dataplane,io.sentrius.sso.core.model,ContentResponse.ContentResponseBuilder,86,0,6,0,1,0,11,0,8,0
sentrius-dataplane,io.sentrius.sso.core.model,HostSystem,1049,0,152,0,62,0,128,0,52,0
sentrius-dataplane,io.sentrius.sso.core.model,KnownHost,31,0,0,0,6,0,9,0,9,0
sentrius-dataplane,io.sentrius.sso.automation.factory,PluginFactory,187,0,6,0,47,0,7,0,4,0
sentrius-dataplane,io.sentrius.sso.automation.factory,AutomationUtil,175,0,22,0,47,0,16,0,5,0
sentrius-dataplane,io.sentrius.sso.core.services.openai,OpenAITerminalService,161,0,14,0,33,0,13,0,6,0
sentrius-dataplane,io.sentrius.sso.core.services.openai,OpenAITwoPartyMonitorService,153,0,12,0,33,0,12,0,6,0
sentrius-dataplane,io.sentrius.sso.core.model.users,NonPersonEntity.NonPersonEntityBuilder,24,0,0,0,1,0,4,0,4,0
sentrius-dataplane,io.sentrius.sso.core.model.users,User.UserBuilderImpl,7,0,0,0,1,0,2,0,2,0
sentrius-dataplane,io.sentrius.sso.core.model.users,UserConfig,139,0,22,0,6,0,24,0,13,0
sentrius-dataplane,io.sentrius.sso.core.model.users,UserSettings.UserSettingsBuilder,209,0,0,0,1,0,25,0,25,0
sentrius-dataplane,io.sentrius.sso.core.model.users,NonPersonEntity,134,0,22,0,7,0,22,0,11,0
sentrius-dataplane,io.sentrius.sso.core.model.users,NonPersonEntity.NonPersonEntityBuilderImpl,7,0,0,0,1,0,2,0,2,0
sentrius-dataplane,io.sentrius.sso.core.model.users,UserSettings,1253,0,204,0,74,0,157,0,55,0
sentrius-dataplane,io.sentrius.sso.core.model.users,UserPublicKey,436,0,78,0,13,0,63,0,24,0
sentrius-dataplane,io.sentrius.sso.core.model.users,User.UserBuilder,59,0,0,0,1,0,8,0,8,0
sentrius-dataplane,io.sentrius.sso.core.model.users,UserConfig.UserConfigBuilder,47,0,4,0,1,0,7,0,5,0
sentrius-dataplane,io.sentrius.sso.core.model.users,User,411,0,56,0,25,0,52,0,24,0
sentrius-dataplane,io.sentrius.sso.core.model.auditing,Rule.RuleBuilderImpl,7,0,0,0,1,0,2,0,2,0
sentrius-dataplane,io.sentrius.sso.core.model.auditing,Rule.RuleBuilder,45,0,0,0,1,0,7,0,7,0
sentrius-dataplane,io.sentrius.sso.core.model.auditing,Rule,95,0,0,0,9,0,14,0,14,0
sentrius-dataplane,io.sentrius.sso.core.controllers,BaseController,128,0,12,0,33,0,14,0,8,0
sentrius-dataplane,io.sentrius.sso.core.model.security.zt,JITReason,34,0,0,0,6,0,7,0,7,0
sentrius-dataplane,io.sentrius.sso.core.model.security.zt,JITRequest.JITRequestBuilderImpl,7,0,0,0,1,0,2,0,2,0
sentrius-dataplane,io.sentrius.sso.core.model.security.zt,JITRequestLink,33,0,0,0,6,0,7,0,7,0
sentrius-dataplane,io.sentrius.sso.core.model.security.zt,JITOptions,3,0,0,0,1,0,1,0,1,0
sentrius-dataplane,io.sentrius.sso.core.model.security.zt,JITStatus.JITStatusBuilder,103,0,6,0,1,0,13,0,10,0
sentrius-dataplane,io.sentrius.sso.core.model.security.zt,JITReason.JITReasonBuilder,47,0,2,0,1,0,7,0,6,0
sentrius-dataplane,io.sentrius.sso.core.model.security.zt,JITRequest.JITRequestBuilder,54,0,0,0,1,0,8,0,8,0
sentrius-dataplane,io.sentrius.sso.core.model.security.zt,JITRequest,73,0,0,0,9,0,10,0,10,0
sentrius-dataplane,io.sentrius.sso.core.model.security.zt,JITRequestLink.JITRequestLinkBuilder,46,0,2,0,1,0,7,0,6,0
sentrius-dataplane,io.sentrius.sso.core.model.security.zt,JITStatus,96,0,0,0,11,0,20,0,20,0
sentrius-dataplane,io.sentrius.sso.install.configuration,DatabaseConfiguration,7,0,0,0,2,0,2,0,2,0
sentrius-dataplane,io.sentrius.sso.install.configuration,InstallConfiguration.InstallConfigurationBuilder,129,0,8,0,1,0,15,0,11,0
sentrius-dataplane,io.sentrius.sso.install.configuration,InstallConfiguration,55,60,0,0,7,13,8,10,8,10
sentrius-dataplane,io.sentrius.sso.core.config,TimeChecker,129,0,20,0,35,0,18,0,5,0
sentrius-dataplane,io.sentrius.sso.core.config,SystemOptions,760,0,36,0,95,0,90,0,72,0
sentrius-dataplane,io.sentrius.sso.core.config,ThreadSafeDynamicPropertiesService,167,0,8,0,45,0,11,0,7,0
sentrius-dataplane,io.sentrius.sso.core.config,SystemOptions.SystemOptionsBuilder,610,0,48,0,1,0,67,0,43,0
sentrius-dataplane,io.sentrius.sso.core.security,CustomAuthenticationSuccessHandler,33,0,2,0,8,0,3,0,2,0
sentrius-dataplane,io.sentrius.sso.core.security,CustomUserDetails,38,0,0,0,12,0,9,0,9,0
sentrius-dataplane,io.sentrius.sso.core.security,RSAKeyFactory,39,0,0,0,8,0,2,0,2,0
sentrius-dataplane,io.sentrius.sso.core.breadcrumbs,BreadcrumbService,247,0,26,0,46,0,23,0,10,0
sentrius-dataplane,io.sentrius.sso.core.services.security,CryptoService,318,0,8,0,75,0,15,0,9,0
sentrius-dataplane,io.sentrius.sso.core.services.security,ZeroTrustAccessTokenService,620,0,94,0,121,0,69,0,22,0
sentrius-dataplane,io.sentrius.sso.core.services.security,IntegrationSecurityTokenService,62,0,0,0,17,0,7,0,7,0
sentrius-dataplane,io.sentrius.sso.core.services.security,CookieService,140,0,14,0,36,0,13,0,6,0
sentrius-dataplane,io.sentrius.sso.core.services.security,AuthService,64,0,0,0,21,0,5,0,5,0
sentrius-dataplane,io.sentrius.sso.core.services.security,ZeroTrustRequestService,835,0,60,0,191,0,62,0,32,0
sentrius-dataplane,io.sentrius.sso.core.services.security,KeyStoreService,336,0,12,0,86,0,20,0,12,0
sentrius-dataplane,io.sentrius.sso.core.services.openai.categorization,TrieNode,14,0,0,0,4,0,1,0,1,0
sentrius-dataplane,io.sentrius.sso.core.services.openai.categorization,CommandCategorizer,172,0,6,0,45,0,11,0,8,0
sentrius-dataplane,io.sentrius.sso.core.services.openai.categorization,CommandTrie,179,0,18,0,36,0,16,0,7,0
sentrius-dataplane,io.sentrius.sso.automation.auditing,AsyncAccessTokenAuditor,122,0,14,0,32,0,12,0,4,0
sentrius-dataplane,io.sentrius.sso.automation.auditing,AccessTokenAuditor,558,0,61,0,122,0,42,0,10,0
sentrius-dataplane,io.sentrius.sso.automation.auditing,AccessTokenEvaluator,13,0,0,0,6,0,4,0,4,0
sentrius-dataplane,io.sentrius.sso.automation.auditing,RuleFactory,89,0,6,0,20,0,6,0,3,0
sentrius-dataplane,io.sentrius.sso.automation.auditing,AllowedExecution,141,0,17,0,32,0,14,0,5,0
sentrius-dataplane,io.sentrius.sso.automation.auditing,Recorder,6,0,0,0,2,0,1,0,1,0
sentrius-dataplane,io.sentrius.sso.automation.auditing,BaseAccessTokenAuditor,169,0,12,0,53,0,23,0,15,0
sentrius-dataplane,io.sentrius.sso.automation.auditing,SessionTokenEvaluator,12,0,0,0,4,0,2,0,2,0
sentrius-dataplane,io.sentrius.sso.core.repository,TimeConfigRepository,3,0,0,0,1,0,1,0,1,0
sentrius-dataplane,io.sentrius.sso.core.data.specification,HostGroupSpecification,91,0,10,0,14,0,10,0,5,0
sentrius-dataplane,io.sentrius.sso.core.integrations.external,ExternalIntegrationDTO.ExternalIntegrationDTOBuilder,100,0,2,0,1,0,13,0,12,0
sentrius-dataplane,io.sentrius.sso.core.integrations.external,ExternalIntegrationDTO,488,0,80,0,28,0,68,0,28,0
sentrius-dataplane,io.sentrius.sso.automation.auditing.rules,AllowedCommandsRule,109,0,10,0,23,0,10,0,5,0
sentrius-dataplane,io.sentrius.sso.automation.auditing.rules,RuleConfiguration,8,0,0,0,1,0,2,0,2,0
sentrius-dataplane,io.sentrius.sso.automation.auditing.rules,OpenAISessionRule,196,0,14,0,53,0,19,0,12,0
sentrius-dataplane,io.sentrius.sso.automation.auditing.rules,CommandEvaluator,210,0,25,0,48,0,18,0,5,0
sentrius-dataplane,io.sentrius.sso.automation.auditing.rules,RuleConfiguration.RuleConfigurationBuilderImpl,7,0,0,0,1,0,2,0,2,0
sentrius-dataplane,io.sentrius.sso.automation.auditing.rules,RuleConfiguration.RuleConfigurationBuilder,7,0,0,0,1,0,2,0,2,0
sentrius-dataplane,io.sentrius.sso.automation.auditing.rules,TicketSessionRule,52,0,2,0,18,0,12,0,11,0
sentrius-dataplane,io.sentrius.sso.automation.auditing.rules,DeletePrevention,51,0,4,0,14,0,5,0,3,0
sentrius-dataplane,io.sentrius.sso.automation.auditing.rules,SudoPrevention,47,0,6,0,13,0,6,0,3,0
sentrius-dataplane,io.sentrius.sso.automation.auditing.rules,TwoPartySessionRule,77,0,8,0,20,0,14,0,10,0
sentrius-dataplane,io.sentrius.sso.automation.auditing.rules,SudoApproval,20,0,0,0,7,0,2,0,2,0
sentrius-dataplane,io.sentrius.sso.automation.auditing.rules,TwoPartyAIMonitor,541,0,62,0,114,0,44,0,13,0
sentrius-dataplane,io.sentrius.sso.core.model.automation,AutomationExecution.AutomationExecutionBuilder,57,0,0,0,1,0,8,0,8,0
sentrius-dataplane,io.sentrius.sso.core.model.automation,AutomationExecution,260,0,46,0,9,0,40,0,17,0
sentrius-dataplane,io.sentrius.sso.core.model.automation,AutomationShare,169,0,30,0,6,0,27,0,12,0
sentrius-dataplane,io.sentrius.sso.core.model.automation,AutomationCronEntry,211,0,38,0,7,0,33,0,14,0
sentrius-dataplane,io.sentrius.sso.core.model.automation,AutomationAssignment,212,0,38,0,7,0,33,0,14,0
sentrius-dataplane,io.sentrius.sso.core.model.automation,Automation,398,0,70,0,16,0,59,0,24,0
sentrius-dataplane,io.sentrius.sso.core.model.sessions,SessionIdentifier,284,0,46,0,24,0,37,0,14,0
sentrius-dataplane,io.sentrius.sso.core.model.sessions,SessionIdentifier.SessionIdentifierBuilder,54,0,0,0,1,0,8,0,8,0
sentrius-dataplane,io.sentrius.sso.core.model.sessions,TerminalLogs,509,0,80,0,32,0,67,0,27,0
sentrius-dataplane,io.sentrius.sso.core.model.sessions,SessionOutput.SessionOutputBuilderImpl,7,0,0,0,1,0,2,0,2,0
sentrius-dataplane,io.sentrius.sso.core.model.sessions,SessionOutput.SessionOutputBuilder,124,0,0,0,1,0,12,0,12,0
sentrius-dataplane,io.sentrius.sso.core.model.sessions,SessionOutputType,15,0,0,0,3,0,1,0,1,0
sentrius-dataplane,io.sentrius.sso.core.model.sessions,SessionLog,399,0,62,0,24,0,53,0,22,0
sentrius-dataplane,io.sentrius.sso.core.model.sessions,SessionOutput,980,0,130,0,130,0,99,0,31,0
sentrius-dataplane,io.sentrius.sso.core.model.sessions,AuditOutput,19,0,0,0,3,0,4,0,4,0
sentrius-dataplane,io.sentrius.sso.core.model.sessions,AuditOutput.AuditOutputBuilder,29,0,0,0,1,0,5,0,5,0
sentrius-dataplane,io.sentrius.sso.automation.runner,RunningAutomota,171,0,26,0,19,0,26,0,13,0
sentrius-dataplane,io.sentrius.sso.automation.runner,RunningAutomota.Builder,51,0,0,0,15,0,4,0,4,0
sentrius-dataplane,io.sentrius.sso.automation.runner,Automota,302,0,54,0,10,0,46,0,19,0
sentrius-dataplane,io.sentrius.sso.automation.runner,Automota.Builder,63,0,0,0,21,0,8,0,8,0
sentrius-dataplane,io.sentrius.sso.automation.runner,AutomationRunner,85,0,2,0,24,0,7,0,6,0
sentrius-dataplane,io.sentrius.sso.automation.runner,AutomationTracker,149,0,8,0,41,0,13,0,9,0
sentrius-dataplane,io.sentrius.sso.core.services,CustomUserDetailsService,38,0,2,0,11,0,4,0,3,0
sentrius-dataplane,io.sentrius.sso.core.services,TaskService,505,0,50,0,111,0,33,0,8,0
sentrius-dataplane,io.sentrius.sso.core.services,ChatService,17,0,0,0,4,0,3,0,3,0
sentrius-dataplane,io.sentrius.sso.core.services,RuleService,133,0,2,0,31,0,10,0,9,0
sentrius-dataplane,io.sentrius.sso.core.services,SessionService,409,0,22,0,78,0,23,0,12,0
sentrius-dataplane,io.sentrius.sso.core.services,WorkHoursService,37,0,2,0,5,0,5,0,4,0
sentrius-dataplane,io.sentrius.sso.core.services,UserAttributeSyncService,77,0,10,0,19,0,8,0,3,0
sentrius-dataplane,io.sentrius.sso.core.services,HostGroupService,420,0,26,0,92,0,40,0,27,0
sentrius-dataplane,io.sentrius.sso.core.services,ErrorOutputService,92,0,2,0,26,0,12,0,11,0
sentrius-dataplane,io.sentrius.sso.core.services,TwoPartyApprovalConfigService,91,0,8,0,18,0,8,0,4,0
sentrius-dataplane,io.sentrius.sso.core.services,UserPublicKeyService,38,0,0,0,8,0,7,0,7,0
sentrius-dataplane,io.sentrius.sso.core.services,ApplicationKeyService,43,0,2,0,11,0,5,0,4,0
sentrius-dataplane,io.sentrius.sso.core.services,TerminalService,1207,0,94,0,279,0,56,0,9,0
sentrius-dataplane,io.sentrius.sso.core.services,ObfuscationService,55,0,2,0,10,0,5,0,4,0
sentrius-dataplane,io.sentrius.sso.core.services,TwoPartyApprovalService,306,0,38,0,60,0,26,0,7,0
sentrius-dataplane,io.sentrius.sso.core.services,TaskService.new Logger() {...},13,0,0,0,4,0,3,0,3,0
sentrius-dataplane,io.sentrius.sso.core.services,KnownHostService,117,0,4,0,30,0,6,0,4,0
sentrius-dataplane,io.sentrius.sso.core.services,UserService,446,0,40,0,114,0,40,0,20,0
sentrius-dataplane,io.sentrius.sso.core.services,ConfigurationService,51,0,2,0,15,0,4,0,3,0
sentrius-dataplane,io.sentrius.sso.core.services,UserCustomizationService,14,0,0,0,3,0,3,0,3,0
sentrius-dataplane,io.sentrius.sso.core.services,NotificationService,169,0,4,0,41,0,15,0,13,0
sentrius-dataplane,io.sentrius.sso.core.utils,SecureShellTask,75,0,8,0,17,0,7,0,3,0
sentrius-dataplane,io.sentrius.sso.core.utils,AuditConfigProvider,96,0,8,0,24,0,8,0,4,0
sentrius-dataplane,io.sentrius.sso.core.utils,AccessUtil,160,0,36,0,25,0,31,0,13,0
sentrius-dataplane,io.sentrius.sso.core.utils,ScriptCronTask,43,0,0,0,8,0,3,0,3,0
sentrius-dataplane,io.sentrius.sso.core.services.metadata,TerminalBehaviorMetricsService,80,0,0,0,21,0,4,0,4,0
sentrius-dataplane,io.sentrius.sso.core.services.metadata,TerminalRiskIndicatorService,91,0,4,0,21,0,8,0,6,0
sentrius-dataplane,io.sentrius.sso.core.services.metadata,TerminalCommandService,50,0,0,0,13,0,7,0,7,0
sentrius-dataplane,io.sentrius.sso.core.services.metadata,UserExperienceMetricsService,98,0,8,0,23,0,9,0,5,0
sentrius-dataplane,io.sentrius.sso.core.services.metadata,TerminalSessionMetadataService,59,0,0,0,16,0,9,0,9,0
sentrius-dataplane,io.sentrius.sso.core.model.security.enums,ApplicationAccessEnum,55,70,9,3,9,13,7,5,2,4
sentrius-dataplane,io.sentrius.sso.core.model.security.enums,SSHAccessEnum,55,77,9,3,9,14,7,5,2,4
sentrius-dataplane,io.sentrius.sso.core.model.security.enums,RuleAccessEnum,55,77,9,3,9,14,7,5,2,4
sentrius-dataplane,io.sentrius.sso.core.model.security.enums,SystemKeyConfiguration,42,28,0,0,5,5,7,8,7,8
sentrius-dataplane,io.sentrius.sso.core.model.security.enums,ZeroTrustAccessTokenEnum,55,77,9,3,9,14,7,5,2,4
sentrius-dataplane,io.sentrius.sso.core.model.security.enums,TwoPartyApprovalConfig,32,0,0,0,5,0,7,0,7,0
sentrius-dataplane,io.sentrius.sso.core.model.security.enums,SystemOperationsEnum,45,0,0,0,8,0,1,0,1,0
sentrius-dataplane,io.sentrius.sso.core.model.security.enums,UserAccessEnum,55,84,9,3,9,15,7,5,2,4
sentrius-dataplane,io.sentrius.sso.core.model.security.enums,TwoPartyApprovalConfig.TwoPartyApprovalConfigBuilder,47,0,4,0,1,0,7,0,5,0
sentrius-dataplane,io.sentrius.sso.core.model.security.enums,CertKeyConfiguration.CertKeyConfigurationBuilder,63,0,0,0,1,0,9,0,9,0
sentrius-dataplane,io.sentrius.sso.core.model.security.enums,SpecialAccesses,21,0,0,0,6,0,3,0,3,0
sentrius-dataplane,io.sentrius.sso.core.model.security.enums,SystemKeyConfiguration.SystemKeyConfigurationBuilder,63,0,0,0,1,0,9,0,9,0
sentrius-dataplane,io.sentrius.sso.core.model.security.enums,AutomationAccessEnum,55,84,9,3,9,15,7,5,2,4
sentrius-dataplane,io.sentrius.sso.core.model.security.enums,CertKeyConfiguration,70,0,0,0,10,0,15,0,15,0
sentrius-dataplane,io.sentrius.sso.core,LogFlusher,14,0,0,0,6,0,3,0,3,0
sentrius-dataplane,io.sentrius.sso.core.utils.terminal,UserSessionsOutput,15,0,0,0,5,0,3,0,3,0
sentrius-dataplane,io.sentrius.sso.core.data,TimeConfig.TimeConfigBuilder,137,0,0,0,1,0,18,0,18,0
sentrius-dataplane,io.sentrius.sso.core.data,TimeConfig.TimeConfigBuilderImpl,7,0,0,0,1,0,2,0,2,0
sentrius-dataplane,io.sentrius.sso.core.data,TimeConfig,943,0,128,0,58,0,110,0,46,0
sentrius-dataplane,io.sentrius.sso.core.services.automation,AutomationService,96,0,0,0,24,0,8,0,8,0
sentrius-dataplane,io.sentrius.sso.core.model.install,Configuration,51,0,0,0,10,0,13,0,13,0
sentrius-dataplane,io.sentrius.sso.core.services.auditing,AuditService,329,0,24,0,88,0,29,0,17,0
sentrius-dataplane,io.sentrius.sso.core.model.chat,ChatLog.ChatLogBuilder,74,0,0,0,1,0,10,0,10,0
sentrius-dataplane,io.sentrius.sso.core.model.chat,ChatLog,351,0,62,0,12,0,52,0,21,0
sentrius-dataplane,io.sentrius.sso.core.model.hostgroup,TimeConfigJson,249,0,38,0,11,0,36,0,17,0
sentrius-dataplane,io.sentrius.sso.core.model.hostgroup,ProfileRule,211,0,6,0,32,0,22,0,19,0
sentrius-dataplane,io.sentrius.sso.core.model.hostgroup,HostGroup.HostGroupBuilder,134,0,6,0,1,0,16,0,13,0
sentrius-dataplane,io.sentrius.sso.core.model.hostgroup,TimeConfigJson.TimeConfigJsonBuilderImpl,7,0,0,0,1,0,2,0,2,0
sentrius-dataplane,io.sentrius.sso.core.model.hostgroup,ProfileRule.ProfileRuleBuilderImpl,7,0,0,0,1,0,2,0,2,0
sentrius-dataplane,io.sentrius.sso.core.model.hostgroup,TimeConfigs.TimeConfigsBuilder,38,0,2,0,1,0,6,0,5,0
sentrius-dataplane,io.sentrius.sso.core.model.hostgroup,ProfileRule.ProfileRuleBuilder,51,0,0,0,1,0,7,0,7,0
sentrius-dataplane,io.sentrius.sso.core.model.hostgroup,TimeConfigs,185,0,28,0,18,0,30,0,16,0
sentrius-dataplane,io.sentrius.sso.core.model.hostgroup,TimeConfigJson.TimeConfigJsonBuilder,37,0,0,0,1,0,6,0,6,0
sentrius-dataplane,io.sentrius.sso.core.model.hostgroup,HostGroup,572,0,88,0,44,0,80,0,36,0
sentrius-dataplane,io.sentrius.sso.core.model.categorization,CommandCategory.CommandCategoryBuilder,45,0,0,0,1,0,7,0,7,0
sentrius-dataplane,io.sentrius.sso.core.model.categorization,CommandCategory,68,0,0,0,18,0,10,0,10,0
sentrius-dataplane,io.sentrius.sso.core.model.security,AccessControl,7,0,0,0,2,0,2,0,2,0
sentrius-dataplane,io.sentrius.sso.core.model.security,IntegrationSecurityToken.IntegrationSecurityTokenBuilder,65,0,0,0,1,0,9,0,9,0
sentrius-dataplane,io.sentrius.sso.core.model.security,IntegrationSecurityToken,78,0,0,0,24,0,16,0,16,0
sentrius-dataplane,io.sentrius.sso.core.model.security,AccessControlAspect,136,0,16,0,32,0,18,0,10,0
sentrius-dataplane,io.sentrius.sso.core.model.security,UserType.UBuilder,0,89,6,6,0,17,6,2,0,2
sentrius-dataplane,io.sentrius.sso.core.model.security,UserType.UserTypeBuilder,47,120,7,7,0,1,9,10,2,10
sentrius-dataplane,io.sentrius.sso.core.model.security,UserType,584,238,98,12,53,41,86,14,31,14
sentrius-dataplane,io.sentrius.sso.core.model.security,AccessControl.AccessControlBuilder,9,0,0,0,1,0,3,0,3,0
sentrius-dataplane,io.sentrius.sso.automation,RunShellScript,58,0,0,0,15,0,3,0,3,0
sentrius-dataplane,io.sentrius.sso.automation,BaseScript,58,0,0,0,15,0,3,0,3,0
sentrius-dataplane,io.sentrius.sso.automation,AutomationConfiguration,8,0,0,0,1,0,2,0,2,0
sentrius-dataplane,io.sentrius.sso.automation,AutomationConfiguration.AutomationConfigurationBuilderImpl,7,0,0,0,1,0,2,0,2,0
sentrius-dataplane,io.sentrius.sso.automation,ShellScript,3,0,0,0,1,0,1,0,1,0
sentrius-dataplane,io.sentrius.sso.automation,AutomationConfiguration.AutomationConfigurationBuilder,7,0,0,0,1,0,2,0,2,0
sentrius-dataplane,io.sentrius.sso.core.integrations.ticketing,JiraService,601,0,14,0,107,0,15,0,8,0
sentrius-dataplane,io.sentrius.sso.core.integrations.ticketing,GitHubService,82,0,6,0,13,0,5,0,2,0
sentrius-dataplane,io.sentrius.sso.core.integrations.ticketing,TicketService,150,0,10,0,45,0,12,0,7,0
sentrius-dataplane,io.sentrius.sso.core.data.auditing,RecordingStudio,195,0,20,0,44,0,17,0,7,0
sentrius-dataplane,io.sentrius.sso.config,KeycloakAuthSuccessHandler,113,0,14,0,30,0,11,0,4,0
sentrius-dataplane,io.sentrius.sso.core.model.zt,ZTATRequestBase.ZTATRequestBaseBuilder,107,0,0,0,1,0,11,0,11,0
sentrius-dataplane,io.sentrius.sso.core.model.zt,ZeroTrustAccessTokenReason.ZeroTrustAccessTokenReasonBuilder,45,0,0,0,1,0,7,0,7,0
sentrius-dataplane,io.sentrius.sso.core.model.zt,ZeroTrustAccessTokenApproval,38,0,0,0,7,0,11,0,11,0
sentrius-dataplane,io.sentrius.sso.core.model.zt,OpsZeroTrustAcessTokenRequest,390,0,70,0,12,0,58,0,23,0
sentrius-dataplane,io.sentrius.sso.core.model.zt,OpsUse,31,0,0,0,6,0,9,0,9,0
sentrius-dataplane,io.sentrius.sso.core.model.zt,ZeroTrustAccessTokenRequest,432,0,70,0,12,0,60,0,25,0
sentrius-dataplane,io.sentrius.sso.core.model.zt,ZeroTrustAccessTokenReason,214,0,38,0,8,0,34,0,15,0
sentrius-dataplane,io.sentrius.sso.core.model.zt,ZeroTrustAccessTokenRequest.ZeroTrustAccessTokenRequestBuilderImpl,7,0,0,0,1,0,2,0,2,0
sentrius-dataplane,io.sentrius.sso.core.model.zt,ZtatUse,50,0,0,0,8,0,11,0,11,0
sentrius-dataplane,io.sentrius.sso.core.model.zt,OpsApproval,38,0,0,0,7,0,11,0,11,0
sentrius-dataplane,io.sentrius.sso.core.model.zt,ZeroTrustApprovalHistory,45,0,0,0,8,0,13,0,13,0
sentrius-dataplane,io.sentrius.sso.core.model.zt,ZTATRequestBase,374,0,62,0,11,0,52,0,21,0
sentrius-dataplane,io.sentrius.sso.core.model.zt,ZtatUse.ZtatUseBuilder,48,0,0,0,1,0,7,0,7,0
sentrius-dataplane,io.sentrius.sso.core.model.zt,OpsZeroTrustAcessTokenRequest.OpsZeroTrustAcessTokenRequestBuilder,85,0,0,0,1,0,11,0,11,0
sentrius-dataplane,io.sentrius.sso.core.model.zt,ZeroTrustAccessTokenRequest.ZeroTrustAccessTokenRequestBuilder,121,0,0,0,1,0,12,0,12,0
sentrius-dataplane,io.sentrius.sso.core.model.zt,ZtatApprovalHistory,45,0,0,0,8,0,13,0,13,0
sentrius-dataplane,io.sentrius.sso.core.model.actors,PrincipalEntity,73,0,2,0,8,0,12,0,11,0
sentrius-dataplane,io.sentrius.sso.core.model.actors,PrincipalEntity.PrincipalEntityBuilder,33,0,0,0,1,0,5,0,5,0
